genre,title,price,date
js,Node.jsデザインパターン 第2版,4536,2019/05/18
design,インタフェースデザインの実践教室,3240,2013/04/17
python,Pythonデータサイエンスハンドブック,4536,2018/05/26
python,PythonによるAIプログラミング入門,3672,2019/03/20
python,入門 自然言語処理,4104,2010/11/10
python,PythonとJavaScriptではじめるデータビジュアライゼーション,4104,2017/08/25
python,プログラミングROS,4104,2017/12/13
js,JavaScriptパターン,3024,2011/02/15
design,デザイニング・インターフェース 第2版,4968,2011/12/24
js,シングルページWebアプリケーション,4104,2014/05/24
python,Pythonではじめるデータラングリング,3996,2017/04/26
python,作って動かすALife,2808,2018/07/28
design,デザイニング・ウェブナビゲーション,4320,2009/05/23
python,サイバーセキュリティプログラミング,3240,2015/10/24
design,情報アーキテクチャ 第4版,3888,2016/11/18
design,パフォーマンス向上のためのデザイン設計,2592,2016/06/25
python,問題解決のPythonプログラミング,3024,2018/09/22
js,モダンWeb,3240,2014/09/10
python,ハイパフォーマンスPython,3888,2015/11/20
js,初めてのPHP、MySQL、JavaScript＆CSS 第2版,3888,2013/08/21
python,エンジニアのためのフィードバック制御入門,3456,2014/07/26
python,ゼロからはじめるデータサイエンス,3456,2017/01/25
python,直感 Deep Learning,3672,2018/08/11
python,ゼロから作るDeep Learning ❷,3888,2018/07/21
python,機械学習のための特徴量エンジニアリング,3240,2019/02/23
python,Think Stats 第2版,2592,2015/08/19
python,Cython,3456,2015/06/19
js,Backbone.jsアプリケーション開発ガイド,3672,2014/02/07
js,jQueryクックブック,3888,2010/08/17
js,JavaScriptデザインパターン,3024,2013/05/25
design,インタフェースデザインの心理学,3024,2012/07/14
js,続・ハイパフォーマンスWebサイト,3024,2010/04/09
python,Head First Python 第2版,4104,2018/03/24
design,UX戦略,3240,2016/05/25
js,JavaScript: The Good Parts,1944,2008/12/20
js,JavaScriptによるデータビジュアライゼーション入門,3888,2015/10/21
js,AngularJSアプリケーション開発ガイド,2592,2014/04/18
design,Lean UX 第2版,2700,2017/07/04
js,JavaScriptリファレンス 第6版,3024,2012/08/10
js,入門 モダンJavaScript,3240,2013/02/23
js,JavaScript 第6版,4536,2012/08/10
python,Pythonによるデータ分析入門 第2版,4104,2018/07/26
design,デザインの伝え方,3024,2016/09/16
design,マッピングエクスペリエンス,3888,2018/01/30
python,エレガントなSciPy,3672,2018/11/10
js,JavaScriptグラフィックス,3024,2012/03/16
python,Effective Python,3456,2016/01/23
python,Python クックブック 第2版,4536,2007/06/23
python,Python文法詳解,3456,2014/09/18
design,マイクロインタラクション,2592,2014/03/19
js,ハイパフォーマンスJavaScript,3024,2011/03/19
python,ゼロから作るDeep Learning,3672,2016/09/24
python,実践 コンピュータビジョン,3240,2013/03/23
python,アジャイルデータサイエンス,2808,2014/04/25
js,HTML5クックブック,3024,2012/06/22
python,Python機械学習クックブック,3672,2018/12/15
js,Nodeクックブック,3672,2013/02/23
python,入門 PySpark,3672,2017/11/22
js,HTML5 Hacks,3456,2013/10/26
design,デザインスプリント,3240,2016/11/26
python,Fluent Python,6264,2017/10/07
js,HTML5 Canvas,3456,2012/01/21
python,Think Bayes,2592,2014/09/06
js,初めてのJavaScript 第3版,3456,2017/01/20
python,Pythonではじめる機械学習,3672,2017/05/25
python,Raspberry Piクックブック 第2版,3888,2017/08/25
python,Pythonチュートリアル 第3版,1944,2016/03/24
design,デザイニング・ボイスユーザーインターフェース,3456,2018/12/01
python,リバースエンジニアリング,3456,2010/05/21
python,集合知プログラミング,3672,2008/07/24
js,テスタブルJavaScript,3240,2013/09/21
js,入門 React,2808,2015/04/03
python,実践 Python 3,3672,2015/12/01
js,PythonとJavaScriptではじめるデータビジュアライゼーション,4104,2017/08/25
design,デザイニング・マルチデバイス・エクスペリエンス,3672,2014/12/25
js,JavaScriptクックブック,4104,2011/04/22
design,続・インタフェースデザインの心理学,3024,2016/08/05
python,PythonによるWebスクレイピング 第2版,3456,2019/03/26
python,Head First はじめてのプログラミング,3240,2019/04/26
python,Python & AWS クックブック,1620,2012/07/17
js,インタラクティブ・データビジュアライゼーション,3024,2014/02/19
python,退屈なことはPythonにやらせよう,3996,2017/06/03
js,ステートフルJavaScript,3024,2012/06/09
python,IPythonデータサイエンスクックブック,4104,2015/12/25
python,実践 機械学習システム,3456,2014/10/25
js,初めてのThree.js 第2版,4320,2016/07/23
python,初めてのPython 第3版,4968,2009/02/25
js,アイソモーフィックJavaScript,3024,2017/07/04
js,Reactビギナーズガイド,2700,2017/03/11
design,オープンデザイン,3888,2013/08/24
js,オブジェクト指向JavaScriptの原則,2592,2014/06/18
js,プログラミング HTML5 Canvas,4104,2014/07/19
python,入門 Python 3,3996,2015/12/01
js,JavaScriptで学ぶ関数型プログラミング,3240,2014/01/18
js,実践 Appium,2592,2016/11/26
js,開眼！ JavaScript,2376,2013/06/19
python,行列プログラマー,5832,2016/10/05
design,モバイルデザインパターン 第2版,3996,2015/02/12
js,メンテナブルJavaScript,2808,2013/03/06
js,入門 Webゲーム開発,3456,2014/03/22
python,Pythonからはじめる数学入門,3024,2016/05/21
js,実践 Selenium WebDriver,3240,2014/09/18
python,python演習本,7000,2020/5/18
